text,label
"Joaquín Panichelli might be the most underrated striker in Ligue 1 right now. Man, Panichelli’s been flying under the radar this season. He’s leading the Ligue 1 scoring charts and doing it consistently. Solid movement, smart runs, and clinical finishing every week.

What I love is he’s not a flashy player, but he works his ass off off the ball and actually converts the chances he gets. If Strasbourg don’t build around him soon, I can easily see a mid-table club snapping him up next window.",hot_take
"Ronaldo is not a Manchester United legend because he gave his best years to Madrid, I’ve also argued endlessly that him collapsing in the semi-circle was peak narcissism when he should’ve been the first player running to hug Van der Sar having been the only player to miss his penalty.",hot_take
Neymar is one of the most overrated players of his generation. Lewa and Suzrez are better than him. And Mbappe already surpassed his legacy!!,hot_take
"Expanding the World Cup to 48 teams has completely ruined it. Half these group games are glorified friendlies that nobody will remember a week later. Pure greed, nothing else to it.",hot_take
"De Zerbi gets labelled a project manager who doesn't win, but his Marseille points-per-game tells a different story. He took over a side around 1.5 PPG and pushed them to nearly 2.0 in a single season, which over 38 games is the difference between mid-table and a Champions League spot. His teams have also consistently beaten their preseason xG projections. The all-process-no-results narrative ignores that the results moved the moment he arrived.",analysis
"Korea coming from behind against Czechia fits a clear pattern in how they're set up. They concede early chances because of how aggressively the fullbacks push, but their second-half xG has consistently outstripped their first-half numbers because opponents tire against their pressing traps. It isn't luck that they keep scoring late, it's a fitness-based game model. Teams built to win the last twenty minutes are well-suited to a long tournament.",analysis
"Home advantage in elite European football has measurably shrunk over the last fifteen years. The home-win percentage across the big leagues has fallen several points from its historical norm, and it dropped further in the empty-stadium period, which let researchers isolate the crowd's contribution. Better away-day sports science, standardised pitches and easier travel have eroded what used to be a huge edge. 'Fortress' narratives are increasingly a hangover from a fading era.",analysis
Pep ruined an entire generation of English coaching. Every manager in the country is now obsessed with passing it around the back instead of just being direct and winning games.,hot_take
"Real Madrid’s youth academy being named “La Fábrica” (“the factory”) is incredibly spot on, since that’s basically how they use it: they develop players only to sell them to other LaLiga teams. The league is full of Real Madrid homegrown players, that’s why they’re often being scored on by their own academy graduates.",hot_take
"
Jimenez might be the best pound for pound Prem signing of the 2020s, the contribution we got from him for 5,5 mil is ridiculous",hot_take
"League position tracks wage bill far more tightly than transfer spend. Across many seasons, total wages explain the large majority of the variance in final points, while net transfer spend explains much less. That's why a smartly run club can occasionally beat its wage rank but almost never sustains it for years. If you want to predict a table before a ball is kicked, rank the wage bills, not the summer signings.",analysis
"Modern fullbacks have ruined football. Nobody defends anymore, they all want to be auxiliary playmakers, and the game is worse for it. Bring back actual defenders who could just tackle a winger.",hot_take
"In 2006 there were 26 red cards all tournament. Even discounting the Battle of Nuremberg, you get 22. In 2018, there were 4 all tournament (same for 22)

Ignoring the upwards trend of 2026, this steep reduction in just 12 years leaves me a bit baffled. Especially with VAR being introduced, you'd think that would lead to more reds because now refs can check out actions they initially missed.",analysis
"Alvaro Arbeloa is misusing Bellingham. Jude is obviously an inverted false 6 with a metaphysical attacking mindset, operating in interdimensional half-spaces. He’s basically a rotational inverse 8.5 who breaks lines through resonant vibrations whenever he’s aligned with Jupiter.

",hot_take
"Everyone calling Wirtz a flop at Liverpool needs to actually look at the underlying numbers. He's averaging 2.9 progressive passes into the final third per 90 and 0.34 xA, basically in line with his last Leverkusen season. The goals haven't come (1 in his first 14 league games) but his shot-creating actions are up. This is finishing variance plus an adaptation period, not a quality drop. Players moving league and role almost always see conversion dip before it normalises.",analysis
"While the group stage has been good so far I still don't like the format where 3rd place teams can progress, I do think the Euros group stage is significantly less interesting than it used to be - we won't know for sure until we've played a couple of these tournaments really, but I think we might look back on the group stage and realise a lot of the games didn't really matter, you can get through without doing much, and I don't like how you can play all your games and then have to wait and see if you'll get through

With that in mind I think my preferred option for expanding the World Cup would have been just to add one team to each group - so 8 groups of 5, top 2 go through. But I'm struggling to work out what problems there might be with that format, because I've never seen it in action.

That said, my opinion might change after the tournament because having a straight knockout round from 32 teams onwards is going to be interesting",hot_take
So glad Pulisic finally got his goal. He's had so much stick this season and you could see how much it meant to him celebrating in front of the fans. Made me a bit emotional honestly.,reaction
"Bayern winning another Pokal continues a level of domestic dominance that's unusual even by their standards. They now hold the record for the competition by a distance, and their squad value gap over the rest of the Bundesliga is wider than the equivalent gap in any other big European league. This isn't really a Bayern story, it's a revenue-distribution story. Competitive imbalance follows financial imbalance, and Germany's is among the steepest in Europe.",analysis
"Playing out from the back is the most overrated trend in the history of the sport
Watching a goalkeeper struggle with a short pass while three attackers press him is not good football, it is just unnecessary risk-taking for the sake of looking modern.",hot_take
BACK TO BACK. Did not move from my seat for the entire shootout and when Vitinha lifted it I just sat there in disbelief. Two years ago we were a punchline in this competition. Now look at us. In love with this team.,reaction
"The 'Bundesliga is a one-team league' line needs updating. Bayern's dominance at the top is real, but the league has produced more Champions League finalists and semi-finalists per decade than its farmers reputation implies, and it develops and sells more high-value talent than almost anywhere. An uncompetitive title race doesn't mean weak football or a weak pipeline. Those are separate claims and people keep collapsing them into one.",analysis
"Balogun’s finally heating up again at Monaco. He's been playing great, he’s sharper, he’s moving with purpose, and he finally has that confidence back that disappeared last year.

Everyone keeps talking like he’s still stuck in that post-2023 slump, but the last few matches say otherwise. He looks like he wants to prove a point heading into a World Cup cycle.

If he keeps playing like this, the USMNT striker spot is his.",hot_take
"Possession share has a famously weak correlation with winning at the top level, and the data has been clear for over a decade. What correlates is chance quality and territory, which possession sometimes produces and sometimes doesn't. Plenty of elite sides win comfortably with under half the ball by being ruthless in transition. Treating possession as the goal rather than one possible means to it is the kind of category error that loses knockout games.",analysis
"Ronaldo is a terrible captain. How hard is it to make a statement to stop harassment of fellow teammates? He clearly supports this toxic behavior and even uses his sisters as mouthpieces.

I don't even care if my country gets worse at football but the day we go back to only 10M 'supporters' when Ronaldo retires is the best day ever.",hot_take
England putting 4 goals past Croatia proves Thomas Tuchel's tactical setup is actually elite.,hot_take
"
I will Die on the hill Fofana is one of the most overrated talents English football has seen.

Wesley Fofana is a lower midtable at best centre back who people pretend is talented solely because he's injured so often they don't actually see him play.

The man is not a good defender when fit.",hot_take
"Khvicha Kvaratskhelia is better left winger that Vinicius Jr.
Kvara is a more technical, and more fun player to watch that Vini. If Vinicius wasn't in real Madrid there wouldn't be any hype behind that guy. If Kvara was in the same position (club) as vini he would be more appreciated and would have helped rma much more.",hot_take
"Transfer fees looking insane is mostly broadcast revenue, not clubs losing their minds. Top-flight TV deals have multiplied several times over in fifteen years, and valuations have tracked that inflation closely. A fee that looks absurd in cash terms is often a smaller share of a club's turnover than a mid-range signing was a decade ago. Index fees to revenue rather than nominal money and the market is far more rational than the headlines suggest.",analysis
Whatever they're paying that eighteen-year-old it is nowhere near enough. Ran the whole midfield on his own tonight. Haven't been this excited about one of our academy lads in a decade. Do NOT sell him.,reaction
"Honestly the Europa League is a more impressive trophy to win than the Champions League these days. Far more competitive, and the Champions League is the same four clubs every single year anyway.",hot_take
"Whatever you think of VAR aesthetically, its effect on decision accuracy is measurable. Independent reviews across multiple leagues put correct-decision rates in the mid-to-high nineties post-implementation, up several points from the pre-VAR baseline. The genuine problems are consistency of interpretation and delay, not accuracy. Conflating 'I hate waiting and muted celebrations' with 'it gets more calls wrong' is mixing up two completely different complaints.",analysis
"From 2-0 down at half to winning it 3-2 and I'd written it off completely. Chucked my phone on the sofa in disgust at the break. Now I'm bouncing round the living room like a lunatic. Never doubt them. Actually I always will, but wow.",reaction
"There's a documented reluctance among officials to overturn on-field calls even with review available, and it shows up as a bias toward the original decision. That's partly the 'clear and obvious' threshold by design and partly human. It means marginal calls still lean toward whatever was given live, which has knock-on effects for big teams who get more favourable initial decisions at home. The pattern is consistent across multiple seasons of data.",analysis
"WE'RE UP. After this whole season, the playoff final, extra time, all of it, we are finally back where we belong. Hugging people I've never met in my life. Best day I've had as a fan and it isn't close.",reaction
Conceding in stoppage time to drop two points has completely ruined my evening. We HAD it. Sat there watching them celebrate a draw like they'd won the thing while I just deflated into the sofa. Brutal.,reaction
"The false nine is cyclical and its effectiveness is entirely conditional on personnel, which the data shows clearly. Dropping the striker creates more central overloads but fewer in-box presences, so the chance profile shifts from tap-ins to higher-difficulty shots. It works when you have technicians who finish from range and runners arriving from deep; it fails when you don't. The tactic isn't good or bad in the abstract, its expected output depends on the squad.",analysis
"Watching him go down clutching his hamstring and waving at the bench made my stomach drop. Please don't let it be serious. Can't even enjoy the rest of the game now, just feel sick about it.",reaction
"First proper look at the new signing and oh my days. Two assists on debut and looked like he'd been here ten years. Pinching myself. Maybe, just maybe, the board got one right for once.",reaction
"
Amorim is genuinely one of the worst tacticians I've ever seen. Sticking to the same system despite not having the personnel required for it to work doesn't mean that he can hide behind transfers as an excuse. If you're a good coach, you adapt to your personnel rather than require personnel before the deliverance of performances. I hate Amorim as a manager so much because his system does nothing but waste the best qualities of their players, and he doesn't want to change anything about it at all. He's going to go back to blaming the club and the players but it's all on him how far they have fallen.

My biggest grievance with Amorim is how he's ditched mainoo for this pile of shit he calls a system. To sideline your best youth player to play this garbage that barely resembles football. I'm not even a Man U fan, but Amorim is fucking trash.",hot_take
"Haiti surprised me last night. They played quite well. Scotland were pretty poor in the 2nd half, but they did the job. Happy that Super John McGinn gets himself a world cup goal. God I love that man so much.

",reaction
"Newcastle are not a big club
You can talk about history all you want, but look at the trophy cabinet. Winning the 2025 Carabao Cup was a massive moment, but real big clubs don't celebrate a single League Cup like it's the World Cup just because it broke a 70-year drought. You still haven’t won a league title since 1927. Before that Wembley win, smaller clubs nationwide like Portsmouth, Wigan, and Swansea had all tasted major silverware much more recently than you. Furthermore, actual elite teams don't get relegated, let alone twice in the modern Premier League era. While the true giants were busy competing at the top, you were playing in the Championship in 2009 and 2016, which completely strips away any argument for perennial elite status.
On the grand stage, you have no real footprint in Europe. A single Inter-Cities Fairs Cup from 1969, which UEFA doesn’t even officially recognize, is all you have to show for your entire continental existence, and your rare appearances in the Champions League usually end in early group-stage exits and getting battered 7-2 in your own backgarden. True giants are a constant, feared presence across the continent decade after decade. Newcastle is undeniably massive in the North East, but a big club is a global brand that drives its own massive commercial revenue. Because you spent the last twenty years either invisible or fighting relegation precisely when the Premier League exploded worldwide, an entire generation of global fans grew up supporting the actual elite, leaving your self-generated revenue and sponsorships miles behind the clubs you want to be compared to.",analysis
FOUR MINUTES they spent on that and chalked it off for a toenail. I've aged a decade tonight. Stood there with my heart in my mouth the whole time only for them to rule it out. I hate this technology so much right now.,reaction
"South Africa may suck ass at the world cup but we are one of the few countries who rely on home grown talent who came up through our shoddy developments, we don't have a France, Germany or England to give us their second rate players who didn't make the cut but still come from world class developments. 

",hot_take
"Multi-club ownership has changed how talent gets hoarded and it's visible in the loan data. Networks of clubs can stockpile young players and cycle them through affiliated sides for minutes, keeping the upside while spreading the wage load. The upshot is that a handful of ownership groups now control a disproportionate share of the most valuable under-21 talent. Whatever you think of it, the concentration is real and measurable, not a conspiracy.",analysis
"Arsenal’s title run looking less like merit and more like mercy from VAR
Arsenal are winning the league, but let’s be honest, VAR has played a role. The KMI panel has already confirmed at least two clear missed penalties in 1‑0 wins over Brighton and Everton that went in Arsenal’s favour. These aren’t one-off 50/50 calls - they directly impacted the results. We’re in 2026 and the so-called ‘best league in the world’ still struggles to get basic penalty decisions right. If City or Liverpool had benefited from the same errors, fans would be screaming for investigations. Are we actually watching a historic title race, or is the narrative just being shaped by VAR rooms hesitant to challenge the leaders?",hot_take
"
I think most of us diehards will say that PSG were simply better throughout this match and can’t have complaints about us not going through, despite the ref and all.

Something was just off today up front, lots of mistakes and poor decisions from pretty much almost everyone up front.

I think our lack of depth really showed today. Phonzi made a big difference but there was no one else we could have brought on to make a bigger impact.",reaction
"Mbappe will never win a Ballon d'Or as the main man at a club. He's a stat-padder who disappears the moment his team actually needs a leader, and no amount of goals against mid-table sides will change that. Mark my words.",hot_take
"Korea coming from behind to beat Czechia was the most stressed I've been in years. Heart was going the entire second half. Don't care how it looked, three points on the board and I can finally breathe.",reaction
"The 'Messi couldn't do it in the Premier League' take ignores that he posted elite numbers in physical Champions League knockouts against English and Italian sides for over a decade. He scored and created against teams set up specifically to stop him, in the most physical games in the sport. The Premier League is faster end to end, but the notion that top defenders elsewhere weren't physical is just false. His output translated everywhere he was actually tested.",analysis
"The idea that keepers are easily replaceable is contradicted by post-shot xG. The best shot-stoppers prevent several goals a season above what an average keeper concedes from the same shots, and over 38 games that swing is worth multiple points, often the gap between the Champions League and mid-table. Distribution adds another layer now that keepers start so many attacking sequences. The position is underpriced precisely because so many people still think like this.",analysis
"Moving to five substitutions has measurably favoured deeper squads and shifted late scoring. Since the change, the share of goals in the final fifteen minutes has ticked up, consistent with fresher legs exploiting tired defences. Critics said it would entrench the wealthy clubs and the data broadly agrees, because usable squad depth is exactly where money buys an edge. It's a small rule with a real competitive effect.",analysis
SCOTLAND WON A WORLD CUP GAME. Read that back. McGinn with the goal and I'm not even slightly ashamed to say I welled up. Been waiting my whole life for this. Get the Tartan Army wherever they're playing next.,reaction
"The 4-1 against Iraq doesn't fix the structural issue with this Belgium side. They've gone several tournaments without a settled, in-form centre-back pairing, and their creativity still runs almost entirely through one ageing playmaker. Beating a lower-ranked side comfortably is expected; the real test is whether the spine holds against a top-15 opponent, and qualifying suggested it doesn't. One result against weak opposition isn't evidence the underlying problems are solved.",analysis
Beat them in their own backyard and I am going to be utterly insufferable at work on Monday. Don't even care. Waited all year for this one and it tasted even sweeter away from home. Sang the whole drive back.,reaction
"Luis Enrique is the most overrated manager in world football. Give any half-decent coach that PSG squad and they win the exact same trophies. It's the players, it's always the players.",hot_take
"The Isak fee actually makes sense if you look at comparable deals. Last summer 25-year-old strikers with proven top-five-league output went for similar money, the bracket has reset post-2024. He's scored 20+ league goals in two of the last three seasons and his non-penalty xG has climbed every year since 2022. You're not paying for potential, you're paying for a striker entering his peak with a track record. That's the going rate now whether people like it or not.",analysis
"Kid comes on for his debut and scores inside five minutes. The whole bench mobbed him. Got chills watching it. Remember the name, you saw it here first.

Future's bright.",reaction
"
Dembele cannot be the front runner for the Ballon d’Or man. I know he scored the penalty but what a dreadful performance other than that.

Joao Neves what a player. Hopefully Bruno/Vitinha/Joao works in World Cup.

Arsenal were good defensively but so crap at attacking. Raya their best player I feel",reaction
"Silve has to be one of the least injury prone player ever.

Bernardo Silva has 45+ appearances every single season for Manchester City, for 9 years in a row.",analysis
Top of the league at Christmas and I never thought I'd see the day. Doesn't feel real. Whatever happens after the new year I'm just going to enjoy this right now. What a time to support this club.,reaction
"Any team can win a league when they spend the most. There's no such thing as a great manager anymore, just a great accountant. Take the chequebook away and watch them all crumble.",hot_take
Bellingham is the most overrated player of his generation. Yeah he scored a bunch of late winners one season but anyone can get lucky with a few moments. Take those away and he's a 100m midfielder who can't actually control a game.,hot_take
Eze and Gabriel missing in the shootout is going to live in my head for months. We were the better side for big chunks of that and PSG just do PSG things and win it on pens again. Numb. Absolutely numb right now.,reaction
"Benzema isn’t in my Top 15 Forwards
I think Karim Benzema is one of the most overrated forwards of the 21st century. Not because he wasn’t a great player, but because his reputation today often exceeds what he actually achieved for most of his career.

My argument isn’t that Benzema was bad. He was clearly an elite forward, technically gifted, intelligent, selfless, and incredibly important to Real Madrid. The issue is where people rank him historically.

For most of the Ronaldo era at Real Madrid, Benzema was not considered the best striker in the world, or even close to it. During that period, players such as Messi, Cristiano Ronaldo, Luis Suárez, Robert Lewandowski, Zlatan Ibrahimović, Sergio Agüero, Wayne Rooney, Robin van Persie, Radamel Falcao, Edinson Cavani, and others were often viewed as superior goalscorers and more decisive attacking players.

Benzema’s reputation is heavily influenced by his incredible late-career peak between roughly 2019 and 2022, culminating in his Ballon d’Or win. Those years were genuinely world class. However, by that stage many of the great strikers of the previous generation were aging, declining, or gone. The centre-forward position was arguably weaker than it had been for over a decade, which made Benzema’s rise stand out even more.

When people rank Benzema among the greatest forwards of the century, I think they often project his final few seasons across his entire career. If we evaluate players based on their whole body of work rather than their peak, I believe there are at least 15 forwards with stronger claims.
",analysis
"Goretzka is so useless man, was on the pitch for 10 minutes and even in that time you could see how out of his depth the guy was

",reaction
I genuinely cannot believe what I just watched. We were 3-0 down at half and won it in the 96th minute. My hands are still shaking. I need to go for a walk.,reaction
The Bundesliga is a one-team farmers' league and always has been. Bayern lifting the cup again just hammers it home. Nobody else even bothers turning up to compete anymore.,hot_take
"Tuchel really showed again what I believe about him in that he is an elite game manager and he's head and shoulders above most managers in the world cup in that regard.

After Koeman's disastrous substitutes against Japan making the attack toothless and inviting pressure for half an hour costing us the win the Dutch commentator was questioning his subs in taking out Rice and Bellingham.

What's impressive and daring is that he did take off a midfielder but instead of adding a defender and letting the Croatians have the midfield he decided to really bring the game to them and add an attacker. Him knowing exactly what the game needs and being able to bring those changes on the pitch is what makes him so good.

England with their depth and with a manager that knows what to do with that depth has looked the most impressive out of the big nations so far imo.",analysis
"Losing the final on penalties shouldn't erase what was a strong Arsenal campaign. They conceded the fewest goals of any side in the knockout phase, took the eventual winners to a shootout, and were the better team for long stretches of extra time before Eze and Gabriel missed. Shootouts are close to a coin flip once you reach them and the conversion data under fatigue bears that out. Judging a whole season on five spot kicks is exactly the recency bias that gets managers sacked unfairly.",analysis
"
That game reminded me of the 2nd leg between Juve and Barca in 2017, where Juve was in full control during the entire game and kept a 0-0 against prime MSN, in Camp Nou.

PSG never looked worried. They were in second gear for the entirety of the game. Bayern had no teeth at all today, mainly because it wasn't their day but also because PSG didn't give them anything.

I honestly don't know how you can even beat a PSG team like that in two legs. That team seems to have no weakness.",analysis
"The fact that Vitinha couldn’t cut it at wolves but is tearing up the champions league really highlights what a tinpot competition that is

",hot_take
Bayern lifting the Pokal again and I'm just sat here hollow as a Stuttgart fan. Thought we had a real shot this year. 3-0 doesn't even tell you how comprehensively we got brushed aside. Long summer.,reaction
"Screamed so loud my voice has actually gone. GONE. A 94th minute winner against our biggest rivals and I am not sleeping tonight, far too wired. Apologies to everyone who heard me through the walls.",reaction
The Premier League is the most overrated league on the planet. Everyone pretends it's elite but it's just end-to-end chaos dressed up as quality. Any of the top Spanish or German sides would walk it if they actually cared enough.,hot_take
"Ligue 1 is actually way more entertaining now that PSG isn’t running away with it. Lowkey, this might be the most fun Ligue 1 season we’ve had in years.
Without PSG absolutely steamrolling everyone, the league finally feels alive again.

Nice, Monaco, Lille, even Lyon trying to claw back, everyone’s got something going on. The games actually feel unpredictable now. You can’t just assume PSG will walk over teams anymore, and that’s so refreshing.

And say what you will about Ligue 1 being a “farmers league,” but the football’s been quality this season fast, open, and full of new talents stepping up.

Honestly, I’d rather have a Ligue 1 where PSG’s forced to fight every week than one where the title’s decided by February.

",hot_take
"Ligue 1's reputation lags its actual output. For years it ranked among the top leagues for producing and selling high-value young players, and its clubs have punched above their financial weight in Europe more than the farmers-league jibe allows. PSG's domestic dominance warped perceptions of the whole division, but the talent-export data tells a different story. Mistaking an uncompetitive title race for a weak league is the same error people make with the Bundesliga.",analysis
"PSG going back-to-back is more historically significant than people are giving it credit for. Before this, only Real Madrid had retained the trophy in the Champions League era, in 2016 and 2017, and across the whole European Cup era almost nobody defended it. Doing it in the new 36-team league phase with two extra knockout rounds bolted on means this side played more elite games to get there than any back-to-back winner before them. The 'bigger format makes it easier' argument actually has it backwards.",analysis
"Watching him do a lap of honour in tears after his last home game set me right off. Grew up watching this man. One club, fifteen years, total legend. Lump in my throat the whole way through. Thanks for everything, skip.",reaction
"The Isak-level fees for mid-twenties strikers make sense once you look at forward aging curves. Centre-forwards typically peak between roughly 25 and 29 and decline fairly sharply after, so paying a premium for the front of that window buys a club its best years. Clubs that hold out for a 'proven' 30-year-old are buying the decline instead. The market has got smarter about paying for the peak rather than the reputation, and the fees reflect it.",analysis
"Brazil is just as washed up as Italy is. The only difference is 70% of South American teams qualify for the WC

",hot_take
"Anybody else thinks this Gravenberch contract is a bit dubious? Like he is good player but the wages that are being quoted are quite crazy.

",reaction
"If Martinez can't fix it soon, it might be another disappointing tournament for Portugal. Tbf to him, regardless of his horrendous tactics, he did get De Bruyne and Courtois to work together for a successful WC, so he might be able to fix a dressing room once again

",hot_take
"The mockery of set-piece coaches ignores the return on investment. Clubs that have invested in dedicated set-piece coaching have measurably lifted their dead-ball output, in some cases by a large share of their total goals within one season. Given that roughly a quarter to a third of elite goals come from set pieces, paying one specialist a fraction of a single player's wage is among the highest-leverage spends a club can make. The data turned this into an obvious move for smart recruitment.",analysis
"Mourinho is simultaneously incredibly washed and also a good fit for Real Madrid don't ask me to elaborate

",hot_take
"Penalty conversion has crept up over the decades and the rule changes explain a lot of it. Standardised run-ups, encroachment enforcement, and the data revolution in shooter-keeper matchups have all nudged the odds toward the taker. Elite takers now convert at rates that would have been outliers a generation ago. When people say shootouts are a lottery, the truer line is that they're a slightly taker-favoured coin flip, and the trend has been moving that way for years.",analysis
"Newcastle's spending ceiling is a profitability-and-sustainability story, not a lack of ambition. Their commercial revenue is growing but started from a low base relative to the established elite, and the rules tie allowable losses and squad cost to turnover. Until the commercial side catches up, they're structurally capped regardless of how wealthy the owners are. Expecting them to spend like the richest clubs ignores the actual mechanics of the cost controls.",analysis
Messi would be completely anonymous in today's Premier League. The physicality would eat him alive. People only rate him for what he did in a weak Spanish league against farmers.,hot_take
"Survived. On goal difference. On the final day. My nerves are completely shot, I think I held my breath the entire second half. Never want to feel that again but right now it's just pure relief washing over me.",reaction
"Saka is the most protected ""world class"" player in the world. Last night changed nothing.
Look at the stats. All the talk about Saka being the best RW in the world, and what does he do in the biggest game of his life? Taps in a rebound. He didn't take the game by the scruff of the neck. He didn't skin his fullback. He just existed in the right place while Trossard did the work. If Palmer or Foden put in that performance, they’d be called ""ghosts."" But because it’s ""Starboy"" Saka, we have to pretend it was a 10/10 performance. He’s a top player, but the ""world class"" label is a reach. He’ll be invisible in the final.",hot_take
"This world cup hosting has been degrading and a disgrace. The Somali Referee was not allowed into the country despite being the best African Referee of the year. The Senegalese team were scrutinised like a bunch of criminals. What the hell is this? The Czechian team was allowed without any checking or scrutiny bruh. Just why. Moreover they are not letting the Iranian delegation come as well. If you cant handle muslims and blacks entering your country then why tf did you even host it at first place. All because these Americans are the most pathetic and rasicst mfs. They will school everyone on being free and liberal while they themselves do this and now football has to suffer.
The whole of 2022 world cup was based on unity and on the exact thought of everyone being equal. Even the anthem was of everyone being a dreamer and being together as one. These pedo racist people used to run propagandas against that. Now they are all silent. Now the songs are about someones body goals and rattling chains. Give trump another peace prize for his efforts in degrading literally every other culture except white.",hot_take
"Parachute payments distort the Championship more than fans appreciate. Relegated clubs receiving them are heavily overrepresented among those who bounce straight back, because the wage gap they can sustain over non-parachute clubs is enormous. It isn't that they're better run, it's that the financial framework is tilted in their favour. If you want to understand why the same handful of clubs yo-yo, follow the payment structure rather than the managers.",analysis
Throwing away a two-goal lead to Japan in the opener is so on brand it actually hurts. We were cruising and then just folded. Head in hands the whole second half. Why do I put myself through this every four years.,reaction
Italian football is dead and it's never coming back. Serie A is a retirement home now and the national team is a punchline. The whole footballing culture there has collapsed and nobody involved wants to admit it.,hot_take
"
Haaland is great, but just doesn't fit what Pep wants for his team, at least with this current iteration. I think Semenyo as striker or Marmoush would look better and would offer something off the ball that Haaland doesn't or not consistently. But of course, dropping Haaland consistently is probably not an option for Pep because of locker room issues unfortunately, it's one of the reason for the weird lineups, Pep wants to have some stability and a player like Cherki already poses some issues off the ball at this point in time, along with a less than stelar midfield in comparison to past City iterations.

It can work but with more time when City players improve out of possession, they are not there yet.

The end result is a possession based football that is just stale because the team cannot attack as fluidly as Pep wants because of the inconsistent pressing and positioning (because of lack of time with many new players + cwc preseason) while at the same time it's still fairly risky with the very high line. It's just Pep trying to play possession based football with a team not yet ready to play it.",analysis
Out on penalties. Of course it's penalties. Sat on the kitchen floor with my head in my hands while my kid asks why daddy's sad and I can't even explain it to him. This sport is so cruel.,reaction
"Brazil are winning this World Cup easily, you can just feel it. They've got the aura back, and when Brazil play with that swagger nobody on earth can live with them. Writing it down now so you all remember.",hot_take
"When the game gets momentum and reach at its peak point, the “hydration break” appears and completely ruins the momentum and also the game experience for the viewer. Football is one of a sport for those moments.

Normally outside WC, the team conceding attacks after attacks pray for a halftime whistle to go to the tunnel to break the momentum and to regroup. Now they basically get that chance in the middle of a half!!

I find it utterly disgusting and would like to know what do you all think about it?",hot_take
"Chelsea and Manchester City unquestionably should be stripped of their titles.

",hot_take
"We scored in the 96th and I've never gone from gutted to delirious that fast in my life. My neighbour banged on the wall. I do not care even slightly. Best feeling there is.

What a night.",reaction
"A high defensive line is a measurable risk-reward trade, not bravery for its own sake. Compressing the pitch raises your ability to win the ball high and starves the opponent of space, but it directly increases the xG conceded from balls in behind. Teams run it when their recovery pace and goalkeeper sweeping justify the exposure. The good sides aren't braver, they've correctly worked out that their personnel makes the upside worth the downside.",analysis
Top corner from thirty yards and I was off my seat before it even hit the net. You just KNEW the moment he stood over it. Absolute filth. Watched the replay ten times now and it's not getting old.,reaction
"Australia played really well last night. That US Australia game will be a cracker, im really interested to see how Poch sets up the attack and how the Aussie defense will contain it

",reaction
"Lautaro is clearly the best striker in the world right now. He scored an absolute worldie last night and he's Inter's captain, which tells you everything you need to know about his mentality. No other striker has that kind of aura about him.",hot_take
"The switch in tiebreaker priority for this World Cup has real strategic consequences people underrate. When head-to-head sits above goal difference, it changes how teams approach their final group game, sometimes incentivising a specific result against a rival over running up the score. It can calcify a group earlier and reduce the reason to chase goals late on. Whether that's good or bad is debatable, but the order measurably shapes in-game decisions, it isn't trivial.",analysis
"Benzema isn't legend of French National Team.
He never won anything significant with them (World Cup or EURO), he performed worse than Griezmann, Mbappe and even Giroud was more useful.

He also blackmailed his fellow international player Valbuena.

I am not sure if I should add Ribery here as well.",hot_take
"People calling the 48-team format a disaster should look at the actual maths. With twelve groups and the eight best third-placed teams going through, a side can now advance on three or four points, which keeps more teams mathematically alive into the final round than the old 32-team setup did. The dead-rubber criticism holds for the very top seeds, but the middle tier of groups stays live deeper than before. The blanket 'it's all meaningless' take isn't supported by the structure.",analysis
"Did NOT expect a single thing from tonight and we go and win it. Sometimes this lot just decide to turn up out of nowhere and it nearly makes the misery worth it. Nearly. Buzzing regardless, what a result.",reaction
"
Van de Ven's head was like a magnet for the ball.

Tottenham defended excellently, they were so well drilled and every player put in a shift and happily took on defensive duties. Really impressive when you consider the main complaint with Ange is his team's lack of defensive structure and coaching.",reaction
"
one of the worst performace from Bayern this season, losing many balls WAY to easy

ref was an absolute joke who stole a complete different match

PSG earned the final, even tho their bank-players got away with stealing balls and putting 2nd balls on the field",reaction
"Can't believe they hooked him in the 60th when he was our only threat all game. Actually screamed at the telly. The manager has no clue what he's doing tonight, completely baffling call.",reaction
"The decline in crossing at the top level is an efficiency story, not a fashion choice. Open-play crosses convert at a famously low rate, and the xG generated per cross is a fraction of what a cutback or a central combination produces. Teams didn't drop wing play because it looked old, they dropped it because the data showed launching it into a packed box is one of the least productive uses of possession. The numbers drove the tactics.",analysis
"Vinicius is a flat-track bully and always has been. Brilliant against teams that sit off, completely anonymous the second a real defender gets in his face. People confuse highlight reels with actual consistency.",hot_take
"Was at the game. Qatar definitely put themselves out in a terrible way, especially their staff. I’m very happy with the performance. Pleasantly surprised with the Qatar fans (who were allegedly given free tickets because they’re Arab! Insane and ridiculous and stupid. So many flags from the middle east in the Qatar end). They were friendly to chat with and also a not unnoticeable amount of them were women. Even at 5-0 down they joined the waves and kept waving their flag. Still think my favourite set of fans to come so far though has been the Aussies they were amazing.

Overall super happy with how everything turned out, especially the sea of red. Amazing to see Canada’s first world cup win in person. BC Place is way more organized than i thought tbh. Go canada go",reaction
"Worst refereeing display I've watched in years and it cost us the match. Three stonewall calls just waved away. I'm fuming, properly fuming, can't even talk about the football for all the red I'm seeing.",reaction
"Selling academy graduates is one of the most reliable profit engines in modern football because of how accounting treats them. A homegrown player carries no purchase cost on the books, so any sale is recorded as near-pure profit, which is gold under profitability rules. That's why clubs with strong academies can keep buying expensive talent, they balance the books on the players they made for free. Several of the biggest clubs have leaned on exactly this for years.",analysis
"Damn the new tiebreakers for the world cup suck, I can't believe they've adopted the head-to-head as the first tie breaker instead of goal difference.

All it does is calcify the groups early. Like Mexico is guaranteed to have nothing to play for if they win instead of still having to watch out for the low-probability that South Korea can catch up on goal difference in the 3rd game",hot_take
"Pep Guardiola without elite squads is just a good manager, not a great one.
Give him anything less than world-class players and I genuinely don’t think he dominates like he does. System is elite, but so are the players every single time.",hot_take
"Was at the match today and the noise when we got the equaliser was something else. Whole stand bouncing, total strangers hugging each other. Doesn't even matter that we drew, days like that are why I keep going back.",reaction
"As much as I dislike Gary Neville, I have to give him credit. He's very humble and modest about his playing career, so much so that I sometimes forget how accomplished of a player he is

",hot_take
That Garnacho performance is the perfect example of what you get when you sign Market Opportunities™ instead of footballers.,reaction
"That Strand-Larsen fee is downright hilarious. Gives me hope maybe our new chairman will be better at negotiating outgoings because what the fuck are Palace doing.


",reaction
"Goalkeepers are the most overpaid players in the game. Pick any tall lad off the street, give him a month of training, and he'd do ninety percent of what these so-called elite keepers do.",hot_take
"Our keeper just became a legend. Saved two in the shootout and stood there roaring at our end. Never loved a goalkeeper more than I do this second. Get the man a statue.

Through somehow.",reaction
"Slot has quietly fixed Liverpool's biggest issue from last season. Their PPDA in the opening half hour has dropped from around 11 to under 8, meaning they're pressing far more aggressively early. You can see it in the buildup numbers too, opponents are completing about 6% fewer passes in their own third against them this year. The high turnovers are directly feeding the transition goals everyone keeps clipping on here.",analysis
Set-piece coaches are the biggest con in modern football. Teams have scored from corners for a hundred years without paying some bloke six figures to point at a whiteboard.,hot_take
"Canada grabbing a late equaliser at their own World Cup and the pub went absolutely feral. Total strangers hugging me. Doesn't matter it's only a point, this is the whole reason I watch the thing.",reaction
"CHAMPIONS. After the season we've had, the doubters, the wobble in March, we got over the line. Grown man crying in his own living room and I won't apologise for a second of it. We actually did it.",reaction
Pep has set tactics back ten years. Every young coach now wants to overcomplicate everything with build-up patterns when the game was always meant to be simple. He's a genius and his influence has still been a disaster for football.,hot_take
"Playing out from the back gets mocked for the occasional howler, but the expected-value case is sound. Sides that beat the first press generate meaningfully higher-quality chances than those who go long, because they progress into space against a committed opponent. The visible cost is the rare turnover near goal; the invisible benefit is the dozens of clean progressions that never make the highlight reel. Judging the policy by its worst outcomes rather than its average return is a sampling error.",analysis
"A surprise side topping a tough group usually has a clearer explanation than 'spirit'. In the new format, winning your opener immediately shifts the qualification maths in your favour, often leaving you needing just a draw from two games even on the third-place pathway. Front-loading points against the weakest team in the group is a known approach, and sides that pull it off convert it into qualification at a high rate. The romance is real but the maths is doing the work.",analysis
"People shitting on Martinez and rightly so. I think he got the job under the premise that Ronaldo must play. No other “top name” manager would ever agree to that. For all of the good stuff Ronaldo did in the game he is now actively ruining that. It’s a sad sight really. I had a lot of hopes for this Portugal team, but they haven’t got a chance really.

",hot_take
"The europa league is so much better than the champions league. It's the championship of Europe. Less predictable, more diverse set of teams competing and the fans are far less likely to be plastic knobheads

 ",hot_take
"Vinicius isn't even a top-five winger anymore and people are too scared to say it. All flash, no end product when it actually counts. He's been carried by the Madrid name for years.",hot_take
"Van de Ven has had some serious fall from grace in the recent months. I'm sure at the start of the season basically every top team's fans wanted him, now a lot of them don't rate him.

",hot_take
"People act like the 4-0 semfinal loss is some unprecedented humiliation but blowout semis and finals are more common than you'd think. Germany beat Brazil 7-1 in 2014, Brazil beat Italy 4-1 in the 1970 final, Hungary put 8 past El Salvador in '82. Knockout football at this level produces lopsided scorelines because one early goal forces the trailing team to abandon shape and chase. The margin says less about the gap in quality than people want it to.",analysis
Watching us go out on penalties again has broken something in me. Twelve years following this team and it's always the exact same gut punch. I don't even have words tonight.,reaction
"There's a measurable reason teams fall apart in the run-in, and it isn't just 'bottling'. Pressing intensity, trackable through PPDA and high turnovers, drops across a squad as cumulative minutes pile up, especially in thin squads. The sides that hold their press into May are almost always the ones who rotated earlier. Fatigue is quantifiable and it predicts late-season collapses better than any psychological story does.",analysis
"The obsession with counter-pressing has a clear payoff in the data. Sides that win the ball back within about five seconds of losing it generate a disproportionate share of their best chances from those turnovers, because the opponent is structurally disorganised in transition. It's not a fad, it's an exploitation of the moment defences are most vulnerable. Teams that drill it relentlessly consistently beat their possession-only peers on chance quality.",analysis
"Arsenal's injury record this season is being misframed as bad luck when it's mostly load. Saka, Odegaard and Rice have each played over 3,400 minutes across all comps, more than almost anyone in their position in the league. Concentrate that many minutes in a small core, run a high-intensity press, and soft-tissue injuries are the predictable outcome, not random misfortune. The squad needed two more rotation starters and that was obvious in October.",analysis
"The 'Vinicius has no end product' line doesn't survive his numbers. Over the last three league seasons he's hit double-digit goals and assists each year, and his progressive carries per 90 are among the highest of any wide forward in Europe. You can argue about specific decisions in specific games, but the season-long output is elite and consistent. The eye-test takes about him vanishing tend to cherry-pick the two or three quiet games every forward has.",analysis
"The 'just buys success' line on Pep ignores the squad-construction data. His sides consistently overperform their wage rank in points per game, and his recruitment template, inverting full-backs, technical sixes, has been copied across Europe precisely because it works. Spending helps, but plenty of clubs have spent comparable sums with far worse returns. If money alone explained it, his imitators on similar budgets would match his points, and they don't.",analysis
"Italy's national struggles trace to a measurable pipeline problem, not a vague culture collapse. The share of minutes given to Italian-eligible players in Serie A fell for years as clubs imported cheaper foreign talent, shrinking the pool the national team draws from. Federations that protect domestic minutes tend to produce deeper squads. The decline is a structural consequence of the league's labour market, and it's fixable with policy rather than mysticism.",analysis
"
I'd be pretty happy with 200K for Delap in the summer.

would genuinely rather us try to get Shevchenko, Fernando Torres, Higuain or Mutu out of retirement than give him any more minutes

0 doubt in my mind he'll be playing for Blackburn or Charlton in 3 or 4 years.",hot_take
"Finally a Belgium performance that didn't make me want to launch the remote across the room. Four goals and they actually looked like they were enjoying themselves for once. More of that please, I'd forgotten the feeling.",reaction
"Since Saka came back from injury he has 2 goals and 3 assists in 6 games despite the fact he’s very obviously still hampered by injuries.

Also has 3 goals and 1 assist in 5 World Cup games, for comparison Foden has 4 England goals in 49 games, Bowen has 1 goal in 22 games.

I sadly think he’s not gonna get back to the level he could have reached/did reach last season pre injuries but he’s still a very good player and there’s not many wingers better than him.",analysis
"The decline in headed goals tracks both tactical and rule-driven change. With crossing down for efficiency reasons and concussion protocols nudging the game away from aerial duels, the share of goals scored with the head has fallen over the last decade. Target-man profiles have become rarer at the top precisely because the percentages favour ground progression. It's another case of the data quietly reshaping which player archetypes clubs are willing to pay for.",analysis
Their lad steps up to win it in the 89th and our keeper guesses right. I felt my heart stop and restart. Whole pub erupted. Still shaking as I type this out.,reaction
"Awful, awful performance and we somehow won anyway. I'm relieved more than happy. Didn't take a proper breath the last twenty minutes. Three points is three points but my heart can't take many more like this one.",reaction
"
It was kind of hilarious to see how giga washed Brazil's midfield was. Bruno trying to play out from the back trying do his best Kroos impression with Casemiro just hiding from the ball.

Then second half we get Fabinho who was beyond washed 3 years ago rolling back the years. I knew they weren't in the best shape but their quality in midfield and fullbacks is shocking lol. I have no idea why Ancelotti took that job.",reaction
England have the best squad on paper at this World Cup and they'll still bottle it because they always do. I'd put my house on a quarter-final exit. Some things never change.,hot_take
"Arsenal will never win the Champions League under this manager. They don't have the bottle for the big nights, and losing yet another final on penalties just confirms what everyone already knew about them.",hot_take
"Prime ozil was a better player than prime KDB, but his teammates let him down by not being able to finish the chances he created or create space for him, making him look worse on the field",hot_take
"Love Raphinha but he’s the definition of a system player. Find it hard to imagine him playing like Barça Raphinha under Carlo’s Brazil

",hot_take
"The 'lacks big-game experience' cliché doesn't hold up statistically. Individual performance in finals and knockout ties shows little persistent player effect once you control for team strength and opponent. The teams that win big games are overwhelmingly the better teams, not the more 'experienced' ones, and prior final appearances barely predict the next result. Experience as a tiebreaker is mostly a story we tell afterwards to explain variance.",analysis
"The penalty inflation this season isn't a vibe, it's measurable. Through 28 rounds the Bundesliga has given 0.41 pens per game, up from 0.27 two seasons ago. The handball reinterpretation after the law change is doing most of the work, defensive handball penalties have nearly doubled while foul-based ones are basically flat. Refs aren't suddenly soft, the rulebook changed under them.",analysis
PSG only won back-to-back Champions Leagues because the rest of Europe is in a down cycle. Stick this team in the 2010s and they don't get past the quarters. People will hate this but it's just the truth.,hot_take
"Portugal's current midfield is the second best assembled by a national team this century after Spain's 2010. Look i know this might soud ridiculous, but you have a pretty balanced midfield with the current Premier League pretty much undisputed best player on Bruno Fernandes.



You have possibly the two 2 players with the most chemistry between them in the world, the undesputed best midfield duo in the world that led PSG back to back UCL tittles on João Neves and Vitinha.



I don't think they are as good together as Xavi, Iniesta and Busquets obviously, because the spaniards were all under the same Barcelona system, but they could become close in legacy.",hot_take
"Transition moments are where the highest-value chances live, and the numbers are stark. Shots taken within a few seconds of a turnover carry a far higher expected-goals value than those from settled possession, because the defence is disorganised. That's why some of Europe's most efficient sides deliberately cede the ball to provoke turnovers. 'Defensive' teams that win this way aren't negative, they're optimising for the most productive phase of the whole game.",analysis
"Erling Haaland is elite, but also one-dimensional
Incredible finisher, physical monster, no debate. But outside the box, does he really influence games the way other top forwards do?",hot_take
Relegated. On the final day. After leading at half time. Thirty years following this club and this might be the worst one of the lot. Just sat in the stand not wanting to leave. Gutted doesn't cover it.,reaction
"Putting on Garnacho when Spurs were playing ultra defensive is a horrible choice. Amorim got his tactics all wrong today. I also think that he should've sent Maguire up top earlier. Bruno was invisible the entire game as well and United have to upgrade on Onana and Hojlund and matter what. It seems like the other players don't even trust him anymore.

",reaction
"Anybody who still thinks Ronaldo is better than Messi is not a real football fan
There is not a single metric left in which Ronaldo surpasses Messi. In terms of career achievements it's not even close. When we talk about individual trophies Messi is far ahead. He has 3 more balon doors than Ronaldo. He has won the best player in the world cup award twice while Ronaldo has never won that. In terms of team trophies Messi has more league titles, more international trophies including a world cup. Only thing Ronaldo has is one more ucl than Messi. In terms stats Messi has far more assists in fewer games and better goal per game ratio. He has more goals involvements in much less games than Ronaldo and this doesn't even include the fact that Ronaldo played as a pure goalscorer for 2nd half of his career.


On top of that, let's say you ignore all of this and just watch them play. Messi is just on a different level. He is better than Ronaldo in pretty much aspect. He is a better dribbler, a better passer, and a better playmaker. Only thing Ronaldo might be better at is shooting or finishing but even that is highly debatable. Even based on simple eye test, you cannot watch the 2 of them play and tell me with a straight face that they are on the same level or comparable in any way. I would just know that you're either lying or just biased.",analysis
"The sweeper-keeper is a direct consequence of the high line, and the two have to be read together. As lines pushed higher to compress space, the area behind the defence grew, and keepers had to cover it, with defensive actions outside the box rising sharply over the past decade. Judging a modern keeper purely on shot-stopping misses half the job description. The role expanded because the tactical system around it demanded it.",analysis
"Blaming Roberto Martínez for ‘wasting’ Belgium’s golden generation is such a stupid narrative. He got the best tournament result in their history with a third place in 2018, only going out to France in a tight contest, and also was knocked out by the eventual winners Italy in EURO 2021. It did go downhill fast from that tournament but by then all of Belgium’s stars were past their best or out of form. Outside of major tournaments Belgium were consistently great which got them to the top of the FIFA rankings for so long, something people somehow hold against them and Martínez.

I’m not sure what people expected of this team, we’ve seen countless, more talented, national sides go trophyless. Many people seem to forget that Belgium had one decent fullback during this time period and played wingers as wingbacks to get around this hole in their squad. If anything Martínez set them up well to consistently beat teams they were supposed to beat, won a few important knock-outs but in the end lost two close games, both times to the eventual winners. Their best chance at silverware would have been EURO 2016 when Martínez wasn’t even the coach yet. I don’t even rate him that much but he gets so much unnecessary stick for his Belgium stint.",analysis
"I just want to say, if Kosovo qualify today it would be an amazing achievement, and one that was very hard earned.

In a group of Switzerland, Sweden, and Slovenia, they managed to finish 2nd place to make the playoffs. And while that group may not have included a traditional European powerhouse, there isn’t a single easy game there.

Kosovo came in as the 4th seed in that group, and while Switzerland were the 2nd-to-last pot 1 team, Sweden and Slovenia were both the 2nd highest seeded teams of pot 2 and 3.

When the group started, Kosovo had Switzerland away and lost 4-0 their first match. But they didn’t care and won home and away to Sweden and beat Slovenia away to get 2nd, and even drew 1-1 to a qualified Switzerland in their last match to finish strong.

Then in the qualifiers they beat Slovakia in a thrilling 3-4 match where they were down 2-1 at halftime, but dominated the 2nd half to score 3 goals in a row to win it.

For those wondering, of the 8 games played in the playoff matches, the home side won 5 of them, with the 3 away winners being Sweden, who played Ukraine in a neutral ground, so not even away, and Bosnia, who beat Wales on pens away. So that just shows the challenge Kosovo had to overcome to win vs Slovakia (A Slovakia that also beat Germany 2-0 at home in their qualifier group).

And now all they need to do is beat Türkiye to qualify for the WC to make a group with USA, Paraguay, and Australia (which would lowkey be the weakest World Cup group of all time but the fans of those countries will probably be happy).

Either way, this is a country that declared independence in 2008, one that when Spain play, they don’t even capitalize the letters KOS because they dispute their independence, and they might somehow qualify for a World Cup as a top 16 European team, when they haven’t even played a Euros! Not only that, they only became a FIFA member in 2016, and this is only their 5th time in a qualifiers for a tournament.

Either way this has been a crazy campaign, it’ll be crazy to see what happens vs Türkiye!",analysis
97th minute equaliser conceded and I just turned the telly off and sat in the dark. Defended for our lives for 96 minutes. One lapse. Can't put into words how flat I feel right now.,reaction
We're out but I'm walking away proud for once. Gave the favourites an almighty fright and the players were in bits at the end. Stood and applauded them off my own sofa. Heart's broken and full at the same time.,reaction
Mexico through with a game to spare and I genuinely can't process it after the last few tournaments. Sitting here grinning like an idiot. Whole house went up at that winner.,reaction
Mbappe leaving PSG is the best thing that ever happened to them and it proves he was the problem all along. A team is always better off without a player who thinks he's bigger than the badge.,hot_take
"They've finally sacked him and I feel nothing but relief. Two years of the most joyless football I've ever sat through. I should probably be sad about how it ended but I'm just glad it's over.

Onwards.",reaction
We just knocked out a side three divisions above us in the cup and I am LOSING it. Little old us. The away end didn't stop singing the last ten minutes. I'll remember tonight forever whatever happens next round.,reaction
VAR was the worst thing to ever happen to this sport and there is no convincing me otherwise. Football was perfect before they decided to suck the life out of every single celebration.,hot_take
Half the so-called tactical geniuses on this sub couldn't explain the offside rule properly. People watch one video essay and suddenly they're Arrigo Sacchi in the comments section.,hot_take
"Igor Tudor is the first manager I've felt genuinely sorry for. Shows up to a team in disarray, none of them give a toss they all know they're going to get big money moves if they go down and then the unfortunate personal circumstances.

I know he's going to be paid off but fuck me.",reaction
"Phil Foden is the most overrated world class player in the world
He looks incredible when City are winning 4-0, but when the chips are down for England, he completely disappears. He doesn't have the personality to lead a team through a difficult knockout game",hot_take
"Corners have quietly become a coached science and the output proves it. Sides running designed routines, near-post flicks, blockers, deliberate clear-outs, convert at meaningfully higher rates than those just floating it in. With around a tenth of all goals coming from corners, the marginal gain from a drilled routine is one of the cheapest sources of points in the game. The clubs treating dead balls as a discipline rather than an afterthought are quietly banking goals.",analysis
"People comparing Spains first game vs. Portugals are not being fair. Spain was laking mostly in finishing, but Cape Verde put up an amazing defensive performance and Vozinha was amazing. Spain had 27 shots and 7 on target.

Meanwhile Portugal had 7 shots and 1 on target. I don't understand what happened after their first goal.",analysis
"Calling Luis Enrique lucky misreads how PSG actually changed after Mbappe left. Their pressing became collective rather than dependent on one player's pace, and they went from a counter-attacking team built around an individual to a side that wins the ball high and suffocates opponents. That's far more repeatable in knockout football, which is exactly why they reached two finals running. A deliberate stylistic overhaul that delivers back-to-back trophies is coaching, not fortune.",analysis
"Low-block defending is more effective than its reputation because of where it forces shots from. A well-organised deep block concedes possession but pushes opponents into low-value areas, so the xG-per-shot it allows is tiny even when shot volume is high. Sides that 'park the bus' competently aren't lucky to keep clean sheets, they've engineered a chance profile that's hard to score from. Shots-conceded is a misleading stat without the shot quality attached.",analysis
"Harry Kane is the ONLY ONE that deserves to win the Ballon d'or this year, regardless who wins the World Cup.

But they stopped giving the Ballon d'or to the player who deserves it about 20ish years ago.",hot_take
Nico Gonzalez has to be the most forgetable big money signing. Like not even in the sense that he is a massive flop or anything but I see his name every now and then and think oh yeah he exists and then I just forget about him again.,hot_take
"Obviously way too early to make conclusions but France are my favourites followed by England and then there’s a big gap

France’s attack is better than England’s and their centre backs I thought were fantastic against Senegal. Saliba ate everything and Upamecano is so good at progressing the ball

People criticise the midfield too much; the double pivot is purely functional; protect the back 4 and give the ball to the front 4. Mbappe finally has his Pogba replacement in Olise - even in that first half his movement was excellent albeit the finishing and touches were poor.

England look fantastic and it’s terrifying but I feel France are better in defence and in attack, especially with World Cup Mbappe

Spain I just don’t see it, you can bring this comment up after the final but without Lamine and Nico it’s just 2022 Spain all over again, death by passes.

Imagine needing a goal late in a game, you look to your forward line…

… and you see Gavi and Ferran Torres

Victor Muñoz should have got some minutes at least.

Spains chances purely depend on Lamine and Nico’s fitness. If they’re fit I’ll put them with England and France, if not they’re a category or even two below.

I don’t get where this Germany hype comes from, they beat a brave but reckless Curacao team who actually tried to attack. Theres massive gaps behind that backline and England and France can expose that.

Argentina I went to bed so it’s not right for me to comment on them",analysis
"If you want to know who's actually good at this World Cup, look at xG versus goals rather than the points table. A couple of sides on six points have done it on inflated finishing, converting low-probability chances at rates that won't last across a tournament. Meanwhile a team that lost narrowly might be creating the better chances. Over a small sample the results lie; the underlying numbers are a far better guide to who's genuinely playing well.",analysis
"The 'England always bottle it' narrative is lazier than the record. Across the last several major tournaments they've reached multiple semi-finals and a final, a return bettered by barely a couple of nations on earth over that span. The problem isn't bottling, it's the brutal maths of knockout football where the top six or seven are separated by tiny margins. Reaching the last four repeatedly is overperformance for most countries, even when it doesn't feel that way.",analysis
"Pep is clearly on a different level to anyone else. The best we have ever seen, and he completely changed the way football was played in every country he coached in. Also Arteta’s win % the last 4 seasons is 65.2%. Thats while having had the 5th highest transfer spend in the league and 6th highest wage bill in his time at Arsenal.

",analysis
"People would enjoy England more if they gave up their agendas.

Saw a Chelsea fan on here saying James would have been a much better partner for Anderson when Rice created the majority of our good chances last night.

The crying about why Bowen/Foden/Palmer/Gibbs White should have been picked over Madueke. Then he wins the pen and set up Jude for what should have been a tap in. Constantly offering a threat in behind.

As a Villa fan I obviously wanted Rogers to start but you can’t argue when Jude played so well.",reaction
"Declan Rice must be the first ever world class midfielder that has no on the ball ability in open play. It’s like watching an athletic Gary Cahill in midfield

",hot_take
"The spike in late goals across modern football lines up almost exactly with the expanded substitution allowance. With more changes available, sides refresh their press and their attacking threat for the final third of the match, and the goals-per-minute rate in the closing stages has risen accordingly. It isn't that players suddenly grew more 'character' in the 85th minute, it's that there are fresher legs out there. The mechanism is mundane and measurable.",analysis
England in the second half is the first time I enjoyed watching them since maybe ever. What a weird feeling.,reaction
International football is just objectively worse than club football now and anyone pretending the World Cup is the pinnacle is living in the past. The quality is miles below a good Champions League knockout night.,hot_take
"That free kick was absolutely filthy. Stood straight up out of my seat, scared the cat, probably woke the neighbours. And right in front of the away end as well. Get in.",reaction
"Christian Pulisic is having the best season of ANY American player in Europe's top 5 leagues and we're STILL underrating him
Pulisic just became the all-time leading American goalscorer in Europe's top 5 leagues with 59 goals, surpassing Clint Dempsey's 57. He's already scored 14 goals for AC Milan across all competitions since January 2025, the most on the entire team.

People keep waiting for him to ""prove it"" when he's literally doing it RIGHT NOW at one of Europe's biggest clubs. He won Serie A Player of the Month in September 2025 with 3 goals and 2 assists in just 147 minutes.

The narrative around Pulisic needs to change. This isn't a player ""finding form"", this is an elite winger in his absolute prime dominating Serie A. Every time he touches the ball for Milan, something dangerous happens. His movement is sharper, his finishing is clinical, and he's finally getting the respect he deserves from Italian media and fans.

If this form continues through the spring, we're watching the best individual season ever by an American in a top European league. And honestly? It's not even close anymore.",analysis
"Brazil's recent tournament problems are a midfield-age issue you can read straight off the team sheets. The core of their engine room has skewed past thirty for several cycles while the next generation keeps getting deployed wide rather than centrally. That leaves them short of legs in the exact area where modern tournaments are won. It's not that the talent dried up, it's a positional and age-distribution problem in one specific zone of the pitch.",analysis
"I was wrong about Diaz, thought the injuries finished him but my word he’s the perfect robin/2nd winger and I mean that in a very respectful sense

Top 3 LW last 12 months probably has a shout for one but I know others would be preferred.

He’s simply a world class winger right now, probably the best football he’s played since second half of 21/22.

I do get why Liverpool sold him, but in hindsight..",hot_take
"This Czech team is my least favourite team in the whole World Cup. They should be a solid European team with players like Sulc, Schick and Soucek, but they play the same football as clubs in the Iraqi League. Just a bunch of corner and throw in merchants that feel allergic to victory",hot_take
"Opening the whole tournament at the Azteca and Mexico put two past South Africa, the noise even through the telly was unreal. Goosebumps the whole time. What a way to kick off a home World Cup.",reaction
"Mexico opening with a clean-sheet win is a bigger deal than the 2-0 suggests. Host nations have reached the knockouts in the overwhelming majority of World Cups, and three points from the opener basically hands Mexico control of the group. Add the altitude and the Azteca crowd for their remaining home games and you have repeatable, measurable advantages, not vibes. Hosts get a real structural edge and the history of the tournament backs that up.",analysis
"Argentina would not win the 2022 World Cup if they had 'prime' Messi
Now this sentemce will sound stupid, because the performance Messi put up in the World Cup was arguably one of the best ever, and Messi has been in his prime for almost his entire career, but what is generally considered to be Messis peak/prime is propably 2009-2012. That's when he had the legs, scored the most goals, won the most trophies, dribbled the most (2015 was also amazing dribbling wise) and was generally just a force of nature on the pitch.

Still, if you put that version of Messi that scored 91 goals in a year into the Argentinian national team in 2022, they are not going to win it. Yes Messi could probably perform quite well, but his team most likely will not perform to the same level they did now. He isn't a leader at this point, nor is he a playmaker who can run games yet. He did not have the effect of lifting other people around him up, making them play at their very best with him. The reason why Argentina won it was that they were a team with a clear leadership figure, a leader who the entire team respected and were ready to follow and a leader who was lifting other up with him.",hot_take
"Newcastle's set-piece numbers explain most of their points jump and nobody's talking about it. They've scored 14 of their 41 league goals from dead balls this season, roughly 34%, up from under 20% two years ago. They've added a dedicated set-piece coach and you can see the choreography on near-post flick-ons. Take those goals out and they're a mid-table xG side. The improvement is real but it's coming from a very specific and possibly unsustainable source.",analysis
"Is it just me or did Isak look a bit flat out there today. Might be reading too much into it but feel like maybe he's not happy at Liverpool; after all he did transfer there to compete for the big trophies not finish 5th and go out of all the cups early. Wonder if a big club would be interested in him this summer - feel like he deserves to play somewhere where his full potential can be realised.
",reaction